title,artist,album,track,duration,id,idtype,playcount,rating,year,genre,notes,playlist
﻿Spotify URI,Track Name,Artist Name,Album Name,Disc Number,Track Number,Track Duration (ms),Added By,Added At,undefined,undefined,undefined,Fri Sep 15 2017
spotify:track:1RUpe8phIE0fjdNIKzOy4V,Ni Hoy Ni Manana,Gerardo Ortiz,Ni Hoy Ni Manana,1,2,209186,spotify:user:hugochaveze,2015-05-31T16:08:15Z,undefined,undefined,undefined,Fri Sep 15 2017
spotify:track:3uimmSCosNnO7i7uDwLSaH,Asociacion Antrax,La Edición de Culiacán,La Cheyenne Sin Placas,1,14,212192,spotify:user:hugochaveze,2015-05-24T17:08:10Z,undefined,undefined,undefined,Fri Sep 15 2017
spotify:track:02yDkjZcms3h9oPDPKhtYZ,Dámaso,Gerardo Ortiz,El Primer Ministro (Deluxe Edition),1,2,159026,spotify:user:maggielosegui,2014-12-03T03:29:33Z,undefined,undefined,undefined,Fri Sep 15 2017
spotify:track:2FmQWgxcHefsoyw4ob0yq3,Quién Se Anima,Gerardo Ortiz,Archivos de Mi Vida,1,2,97000,spotify:user:maggielosegui,2014-12-03T03:29:39Z,undefined,undefined,undefined,Fri Sep 15 2017
spotify:track:24S2rcxfPv2hWwILSBMF3x,El Muletas (En Vivo),Gerardo Ortiz,Morir y Existir En Vivo,1,8,169373,spotify:user:maggielosegui,2014-12-03T03:29:58Z,undefined,undefined,undefined,Fri Sep 15 2017
spotify:track:3jjySlPUK71LIWEZ9kfxi5,Chavo Felix (En Vivo),Gerardo Ortiz,Morir y Existir En Vivo,1,10,189920,spotify:user:maggielosegui,2014-12-03T03:30:05Z,undefined,undefined,undefined,Fri Sep 15 2017
spotify:track:3t8SxAtPucuWFMUitFlJSw,Morir Con Estilo (En Vivo),Gerardo Ortiz,Morir y Existir En Vivo,1,11,235973,spotify:user:maggielosegui,2014-12-03T03:30:25Z,undefined,undefined,undefined,Fri Sep 15 2017
spotify:track:6IKFN2maYduHlYijUa1RJ3,El Primer Ministro,Gerardo Ortiz,El Primer Ministro (Deluxe Edition),1,1,112720,spotify:user:maggielosegui,2014-12-03T03:31:45Z,undefined,undefined,undefined,Fri Sep 15 2017
spotify:track:3k5BGMFe37RXvv0NOrfQhB,Soy De Durango,Gerardo Ortiz,El Primer Ministro (Deluxe Edition),1,15,159133,spotify:user:maggielosegui,2014-12-03T03:31:57Z,undefined,undefined,undefined,Fri Sep 15 2017
spotify:track:4VZ0UOLwnTnQSLZJme5lyQ,Qué Tiene De Malo,"Calibre 50, El Komander",Contigo,1,11,168653,spotify:user:maggielosegui,2014-12-03T03:32:54Z,undefined,undefined,undefined,Fri Sep 15 2017
spotify:track:7kyK2NSDfRE1612vdYuqIx,Javier El De Los Llanos,Calibre 50,Corridos De Alto Calibre,1,4,201600,spotify:user:maggielosegui,2014-12-03T03:33:11Z,undefined,undefined,undefined,Fri Sep 15 2017
spotify:track:2UyyNcLL7gRuzEjIMCq7np,Se Quedaron A Tres Pasos,Calibre 50,Corridos De Alto Calibre,1,7,199786,spotify:user:maggielosegui,2014-12-03T03:33:38Z,undefined,undefined,undefined,Fri Sep 15 2017
spotify:track:52RIwrVO4z30hkTsSWOYyL,La Buena y la Mala,Banda Tierra Sagrada,"De Lo Bueno, Lo Mejor",1,1,204453,spotify:user:maggielosegui,2014-12-06T17:19:41Z,undefined,undefined,undefined,Fri Sep 15 2017
spotify:track:3j1WurYpvW7IgHCATbiDdQ,El De Los Lentes Carrera (Bonus Track),Revolver Cannabis,"Balas, Rosas Y Plomo",1,13,223560,spotify:user:maggielosegui,2014-12-06T17:22:12Z,undefined,undefined,undefined,Fri Sep 15 2017
spotify:track:51Euf73PWy96aLpmy2Exdh,Noche De Poker,Revolver Cannabis,"Balas, Rosas Y Plomo",1,6,156506,spotify:user:maggielosegui,2014-12-06T17:22:22Z,undefined,undefined,undefined,Fri Sep 15 2017
spotify:track:7qtWTzEvbccUqO2NQyDjnL,El Sicario De Dios (El Sicario Y Ramón),Revolver Cannabis,Seremos Eternos... Pero Por Ahora Somos Los Que Estamos,1,6,264360,spotify:user:maggielosegui,2014-12-06T17:29:26Z,undefined,undefined,undefined,Fri Sep 15 2017
spotify:track:3suCdYQosjI5IYxbo0ysUQ,Asi Es Esto,Alfredo Olivas,"Club Corridos Presenta: Corridos Poderosos: Alfredito Olivas, El Tigrillo Palma, Hijos de Barron",1,2,221000,spotify:user:maggielosegui,2014-12-06T17:29:48Z,undefined,undefined,undefined,Fri Sep 15 2017
spotify:track:0ma1FPCW9uPtpVBj2udL8l,Tres Tiros,Alfredo Olivas,Mis Corridos,1,13,211013,spotify:user:maggielosegui,2014-12-06T17:30:49Z,undefined,undefined,undefined,Fri Sep 15 2017
spotify:track:5XAUHoL6nBrF9cvGAcEHMF,El Muchacho De La Barba,"Código FN, Enigma Norteño",El Muchacho De La Barba,1,1,150786,spotify:user:maggielosegui,2014-12-06T17:34:05Z,undefined,undefined,undefined,Fri Sep 15 2017
spotify:track:6WSUVzOWhWZlJskGzy5kos,El Sucesor,Código FN,El Sucesor,1,1,212213,spotify:user:maggielosegui,2014-12-06T17:37:28Z,undefined,undefined,undefined,Fri Sep 15 2017
spotify:track:78FPT3caAqDiscjbFxXVVh,La Fiesta Del Chino,Código FN,Te Amaré Más,1,11,123133,spotify:user:maggielosegui,2014-12-06T17:46:46Z,undefined,undefined,undefined,Fri Sep 15 2017
spotify:track:1NoRgxkmmkcisq1UW7LUkB,El Secuestro del Cachorro (Banda),"Regulo Caro, El Coyote",Amor En Tiempos de Guerra,1,15,207749,spotify:user:maggielosegui,2014-12-06T17:48:50Z,undefined,undefined,undefined,Fri Sep 15 2017
spotify:track:5jyZeiCSaOcERMYdCRat5U,Bonus track: Legion 5.7(Campaña Antrax)feat. Gerardo Ortiz,Regulo Caro,"Musica, Polvora y Sangre",1,16,219573,spotify:user:maggielosegui,2014-12-06T17:50:39Z,undefined,undefined,undefined,Fri Sep 15 2017
spotify:track:0SkQTMZh8yba3eNEFqFr8S,4 Segundos,Regulo Caro,"Musica, Polvora y Sangre",1,4,151040,spotify:user:maggielosegui,2014-12-06T17:50:54Z,undefined,undefined,undefined,Fri Sep 15 2017
spotify:track:1WC6BajwE0pencMs6rxfmA,Fuego Cruzado,Regulo Caro,"Musica, Polvora y Sangre",1,9,214106,spotify:user:maggielosegui,2014-12-06T17:51:54Z,undefined,undefined,undefined,Fri Sep 15 2017
spotify:track:7APMratlQ28y5fV0R5vC1Y,El Americano,Jorge Santacruz Y Su Grupo Quinto Elemento,De Los Pinos A Los Pinos,1,5,188893,spotify:user:maggielosegui,2014-12-06T17:53:27Z,undefined,undefined,undefined,Fri Sep 15 2017
spotify:track:3cWLuD4YIhRmucqQhRJ1V2,El Quinto Elemento,Jorge Santacruz Y Su Grupo Quinto Elemento,El Quinto Elemento,1,1,194906,spotify:user:maggielosegui,2014-12-06T17:54:03Z,undefined,undefined,undefined,Fri Sep 15 2017
spotify:track:518afptKDczHGteyPOMztM,Sargento Phoenix,Jorge Santacruz Y Su Grupo Quinto Elemento,El Quinto Elemento,1,2,227560,spotify:user:maggielosegui,2014-12-06T17:54:07Z,undefined,undefined,undefined,Fri Sep 15 2017
spotify:track:1cg7FjL370OIcTciDCZkMV,Andabas De Perro,"Los Buitres De Culiacan Sinaloa, Diego Rivas",Simplemente Buitres (Deluxe Edition),1,2,162640,spotify:user:maggielosegui,2014-12-06T17:55:57Z,undefined,undefined,undefined,Fri Sep 15 2017
spotify:track:4o3DuvAIvRj4JG42BWjLw5,Andamos Como Weso,Los Buitres De Culiacan Sinaloa,Simplemente Buitres (Deluxe Edition),1,3,146680,spotify:user:maggielosegui,2014-12-06T17:56:02Z,undefined,undefined,undefined,Fri Sep 15 2017
spotify:track:76hbHg8PpKmF8sklXsAxpm,Extinción Masiva,"Los Buitres De Culiacan Sinaloa, Carlos Fahur",Simplemente Buitres (Deluxe Edition),1,11,175560,spotify:user:maggielosegui,2014-12-06T17:56:10Z,undefined,undefined,undefined,Fri Sep 15 2017
spotify:track:7zffbyEkNRFn4zraoYUR7Y,Los Arremangados,Los Buitres De Culiacan Sinaloa,Simplemente Buitres (Deluxe Edition),1,16,134333,spotify:user:maggielosegui,2014-12-06T17:56:21Z,undefined,undefined,undefined,Fri Sep 15 2017
spotify:track:5Cwvi1cnK95auEK1iS4J77,Asunto Pendiente (feat. Los 2 Primos),"Buknas De Culiacan, Los 2 Primos",Mas Fuerte Que Nunca,1,13,223275,spotify:user:maggielosegui,2014-12-06T18:01:34Z,undefined,undefined,undefined,Fri Sep 15 2017
spotify:track:5oYgV1IS6A7jPOpbj4lhnm,Decifrando Claves,Traviezoz de la Zierra,Plan B,1,4,167093,spotify:user:maggielosegui,2014-12-06T18:03:57Z,undefined,undefined,undefined,Fri Sep 15 2017
spotify:track:7bQqzJelqmvL7HxERezjy6,Un Angel se Divisa,Traviezoz de la Zierra,Plan B,1,18,241106,spotify:user:maggielosegui,2014-12-06T18:04:14Z,undefined,undefined,undefined,Fri Sep 15 2017
spotify:track:1LAxIc5PETPrBhqIJ26Dr0,Atentamente Damaso,Grupo Escolta,No Hay 5to Malo,1,2,170080,spotify:user:maggielosegui,2014-12-06T18:05:47Z,undefined,undefined,undefined,Fri Sep 15 2017
spotify:track:1D6sHn2wWIKxdUsdR9xMuH,La Hummer Y El Camaro,"Voz De Mando, Escolta De Guerra, Jorge Santacruz",La Hummer Y El Camaro,1,1,209453,spotify:user:maggielosegui,2014-12-06T18:06:36Z,undefined,undefined,undefined,Fri Sep 15 2017
spotify:track:3Wjhw44kAAQS6BRRtMvdcv,"La Hummer Y El Camaro 2 ""La Revancha""","Voz De Mando, Mario ""El Cachorro"" Delgado, Escolta De Guerra",Y Ahora Resulta,1,8,209253,spotify:user:maggielosegui,2014-12-06T18:06:40Z,undefined,undefined,undefined,Fri Sep 15 2017
spotify:track:6RhvlbrHy9VzEAVWIyg0hh,Comandante Antrax (Chino Antra),Voz De Mando,Impactos De Arranque,1,3,223706,spotify:user:maggielosegui,2014-12-06T18:07:11Z,undefined,undefined,undefined,Fri Sep 15 2017
spotify:track:10A2Ez3UGfmWnCSsznivsv,Cuernito Armani,El Komander,Belico,1,1,183773,spotify:user:maggielosegui,2014-12-06T18:09:41Z,undefined,undefined,undefined,Fri Sep 15 2017
spotify:track:04HFppvmBoEGZkSmrvNnPw,El Ex-Soldado Raigoza,El Komander,Y Seguimos La Borrachera,1,2,132858,spotify:user:maggielosegui,2014-12-06T18:10:14Z,undefined,undefined,undefined,Fri Sep 15 2017
spotify:track:2qZvpLMwHLCT3Y1L2U4o5G,La Manda Incumplida,El Komander,Y Seguimos La Borrachera,1,4,149263,spotify:user:maggielosegui,2014-12-06T18:10:20Z,undefined,undefined,undefined,Fri Sep 15 2017
spotify:track:2va7KtTfrc0yKUBUH3yFTd,Fiesta En La Playa,El Komander,Y Seguimos La Borrachera,1,6,176613,spotify:user:maggielosegui,2014-12-06T18:10:24Z,undefined,undefined,undefined,Fri Sep 15 2017
spotify:track:0CSOvTJzLJvHr6FncEXZ58,Borracho Y Escandaloso,El Komander,Y Seguimos La Borrachera,1,11,162560,spotify:user:maggielosegui,2014-12-06T18:10:31Z,undefined,undefined,undefined,Fri Sep 15 2017
spotify:track:1sOWFrlD4IUIKcxyCNxsAC,Estrategias De Escape,El Komander,Archivo Privado,1,4,147506,spotify:user:maggielosegui,2014-12-06T18:13:50Z,undefined,undefined,undefined,Fri Sep 15 2017
spotify:track:7cnfNK7IbOdB40HvgMwWwT,Mi Clave Es El 20,El Komander,Archivo Privado,1,10,146013,spotify:user:maggielosegui,2014-12-06T18:14:07Z,undefined,undefined,undefined,Fri Sep 15 2017
spotify:track:6MG11ev6ryWAh5eYuf223f,Carteles Unidos,El Komander,Archivo Privado,1,12,229013,spotify:user:maggielosegui,2014-12-06T18:14:13Z,undefined,undefined,undefined,Fri Sep 15 2017
spotify:track:01ksPzu3Bw8Lsf9o6xIk8C,Mi Último Deseo,Banda Los Recoditos,El Free,1,8,163560,spotify:user:maggielosegui,2014-12-06T18:15:01Z,undefined,undefined,undefined,Fri Sep 15 2017
spotify:track:6dXSoxDgvCfWeroDU1p6jt,El Toro Loco,Colmillo Norteño,El Toro Loco - Single,1,1,156186,spotify:user:maggielosegui,2015-01-16T23:06:36Z,undefined,undefined,undefined,Fri Sep 15 2017
spotify:track:7z9fFjySfGqCHdD6UAwjPU,El Secuestro,Los Titanes De Durango,Corridos Titanium,1,4,172653,spotify:user:maggielosegui,2015-01-16T23:50:32Z,undefined,undefined,undefined,Fri Sep 15 2017
spotify:track:3jUfQmjqTE3VUcVESl0zXR,El Mini 6,Buknas De Culiacan,Los Reyes del Movimiento Alterado,1,2,190694,spotify:user:maggielosegui,2015-02-21T22:51:26Z,undefined,undefined,undefined,Fri Sep 15 2017
spotify:track:5Dq04Hp51VFQyFPVp1aMIO,La Propuesta,Calibre 50,Corridos De Alto Calibre,1,2,169213,spotify:user:extraironi,2015-04-29T01:56:01Z,undefined,undefined,undefined,Fri Sep 15 2017
spotify:track:6uml7jHYI6wt0w8teLIa8s,6 Impactos,Regido,"50 Corridos Contra la Ley: Julio Beltran, La Escuela de la Vida, La Fuga del Chapo, El Proceder de Manuel, El Comando Encapuchado, Chapo Guzman, Mayo Zambada",2,24,177600,spotify:user:extraironi,2015-04-29T01:56:12Z,undefined,undefined,undefined,Fri Sep 15 2017
spotify:track:4ZLKbWwPy8WolvWIPNH5kd,Culiacán Vs. Mazatlán,Calibre 50,Lo Mejor De...,1,16,169773,spotify:user:extraironi,2015-04-29T01:57:51Z,undefined,undefined,undefined,Fri Sep 15 2017
spotify:track:12cT1bEwXxg42o2AOwFF2q,Morir Y Existir,Gerardo Ortiz,Morir y Existir En Vivo,1,12,185546,spotify:user:extraironi,2015-04-29T02:34:19Z,undefined,undefined,undefined,Fri Sep 15 2017
spotify:track:6BLelESVn8fRearwq7hMm7,La Cheyenne Sin Placas,La Edición de Culiacán,La Cheyenne Sin Placas,1,12,264176,spotify:user:hugochaveze,2015-05-24T17:07:55Z,undefined,undefined,undefined,Fri Sep 15 2017
spotify:track:4AH10RDYaGSYckWXbN5BSl,Empleado De La Mafia,Gerardo Ortiz,Ni Hoy Ni Manana,1,9,176346,spotify:user:hugochaveze,2015-05-31T15:54:14Z,undefined,undefined,undefined,Fri Sep 15 2017
spotify:track:3s9ZnYxnWVn4BWVDqA2Pwr,El Equipo Del Mayo,Gerardo Ortiz,Ni Hoy Ni Manana,1,11,143333,spotify:user:hugochaveze,2015-05-31T16:01:30Z,undefined,undefined,undefined,Fri Sep 15 2017
spotify:track:20t5WZvsgjozRzCmvPTkT6,El Viejito,Gerardo Ortiz,Ni Hoy Ni Manana,1,13,132720,spotify:user:hugochaveze,2015-05-31T16:03:39Z,undefined,undefined,undefined,Fri Sep 15 2017
spotify:track:3jk75pvee23YTLXHbMjFFu,Manuel Ponce,Gerardo Ortiz,Ni Hoy Ni Manana,1,14,146933,spotify:user:hugochaveze,2015-05-31T16:06:27Z,undefined,undefined,undefined,Fri Sep 15 2017
spotify:track:3k4tbagr6A3JkMo64HrOSF,El Estudiante,Gerardo Ortiz,Ni Hoy Ni Manana,1,15,173293,spotify:user:hugochaveze,2015-05-31T16:06:34Z,undefined,undefined,undefined,Fri Sep 15 2017
spotify:track:42BI5njDyenBkVLKYJcaFP,Los Duros De Colombia,Gerardo Ortiz,Ni Hoy Ni Manana,1,1,180173,spotify:user:hugochaveze,2015-05-31T16:07:05Z,undefined,undefined,undefined,Fri Sep 15 2017
spotify:track:5I0SHuT00cgXe7F2MUzEyH,En Preparacion,Gerardo Ortiz,Ni Hoy Ni Manana,1,3,187280,spotify:user:hugochaveze,2015-05-31T16:15:00Z,undefined,undefined,undefined,Fri Sep 15 2017
spotify:track:51B4PMGrOZjmTXuGtRqOxn,El Padre De Los Antrax,"Revolver Cannabis, Javier Rosas","Balas, Rosas Y Plomo (Delux Version)",1,10,163146,spotify:user:hugochaveze,2015-06-08T06:43:50Z,undefined,undefined,undefined,Fri Sep 15 2017
spotify:track:3MYZ39D7rn7UlJxPD98HDr,El Virus No Muere (El Cayenna),Revolver Cannabis,"Balas, Rosas Y Plomo",1,11,166906,spotify:user:hugochaveze,2015-06-08T06:44:20Z,undefined,undefined,undefined,Fri Sep 15 2017
spotify:track:5vXAItuvGVrB5sQmxRbqdz,Brazo Armado Caido,Revolver Cannabis,"Balas, Rosas Y Plomo (Delux Version)",1,13,227000,spotify:user:hugochaveze,2015-06-08T06:44:37Z,undefined,undefined,undefined,Fri Sep 15 2017
spotify:track:57YbVwtM3JYsGQsS0fvjB3,Fuego Contra Fuego,Revolver Cannabis,"Balas, Rosas Y Plomo (Delux Version)",1,15,229240,spotify:user:hugochaveze,2015-06-08T06:45:02Z,undefined,undefined,undefined,Fri Sep 15 2017
spotify:track:20UG51Sd3Eh60EApykBIAd,El Cargo Del 5,Revolver Cannabis,Seremos Eternos... Pero Por Ahora Somos Los Que Estamos,1,14,211840,spotify:user:hugochaveze,2015-06-10T13:45:43Z,undefined,undefined,undefined,Fri Sep 15 2017
spotify:track:2R2WQfQRrYN8tUtWYpUEFC,El Señor De La 5-7,Revolver Cannabis,Seremos Eternos... Pero Por Ahora Somos Los Que Estamos,1,10,279533,spotify:user:hugochaveze,2015-07-11T00:56:37Z,undefined,undefined,undefined,Fri Sep 15 2017
spotify:track:3xssAmm29chvUTbxz48N7v,El Cuestionario,Alfredo Olivas,"Club Corridos Presenta: Corridos Poderosos: Alfredito Olivas, El Tigrillo Palma, Hijos de Barron",1,11,221000,spotify:user:hugochaveze,2015-07-11T00:59:04Z,undefined,undefined,undefined,Fri Sep 15 2017
spotify:track:7qkTQ3UHpdlv7RoTFJ9Ryp,Consulado M1,"Grupo Escolta, Gerardo Ortiz",Revolución Sinaloense,1,13,136360,spotify:user:hugochaveze,2015-07-11T01:00:26Z,undefined,undefined,undefined,Fri Sep 15 2017
spotify:track:0UiJ9ZAAYK8JLh3VEWwlxD,Soldado Imperial,Los Nuevos Rebeldes,Soldado Imperial,1,7,132573,spotify:user:hugochaveze,2015-07-11T01:27:07Z,undefined,undefined,undefined,Fri Sep 15 2017
spotify:track:6FUz9CE2irEFmxp3ovkSv9,El Rescate,Los Nuevos Rebeldes,Soldado Imperial,1,2,155520,spotify:user:hugochaveze,2015-07-11T01:29:53Z,undefined,undefined,undefined,Fri Sep 15 2017
spotify:track:6y65ZDzKeMytbQzYz32qU9,El Instructor - En Vivo,"Los Nuevos Rebeldes, La Septima Banda",Vol. 1 (En Vivo),1,3,209000,spotify:user:hugochaveze,2015-07-11T01:38:51Z,undefined,undefined,undefined,Fri Sep 15 2017
spotify:track:35lXMVCgkD4l8kHWEyNXNT,La Iniciacion - En Vivo,"Los Nuevos Rebeldes, La Septima Banda",Vol. 1 (En Vivo),1,8,146840,spotify:user:hugochaveze,2015-07-11T01:43:54Z,undefined,undefined,undefined,Fri Sep 15 2017
spotify:track:0TZHw0fLsg5vd76xfwysEN,Me Miran Los Miro / El Pepeboom,Goyo Gastelum,Sintonia Con La Muerte,1,13,404906,spotify:user:hugochaveze,2015-07-11T01:49:59Z,undefined,undefined,undefined,Fri Sep 15 2017
spotify:track:0uiPHoVwiAcExhTr4sUBOw,Despacho M1,Jorge Santacruz Y Su Grupo Quinto Elemento,La Supremacía,1,15,151320,spotify:user:elosegui-1,2015-12-13T20:22:00Z,undefined,undefined,undefined,Fri Sep 15 2017
spotify:track:44IjRzhEt9bmmYfyExMEUc,"Ganó Holanda, Perdió China",Calibre 50,Historias de la Calle,1,3,179013,spotify:user:elosegui-1,2015-12-19T05:08:35Z,undefined,undefined,undefined,Fri Sep 15 2017
spotify:track:0dRVaJ3q60Os2y2MkMXb1j,El Bueno y El Malo (feat. Banda Tierra Sagrada),Colmillo Norteño,El Bueno y El Malo (feat. Banda Tierra Sagrada) - Single,1,1,174413,spotify:user:elosegui-1,2015-12-27T21:44:43Z,undefined,undefined,undefined,Fri Sep 15 2017
spotify:track:6ZZMfmkEFexbcOZHY17kjS,Rafael Caro Quintero,Jorge Santacruz Y Su Grupo Quinto Elemento,El Consentido de la Palma,1,6,176773,spotify:user:elosegui-1,2015-12-27T21:47:47Z,undefined,undefined,undefined,Fri Sep 15 2017
spotify:track:3v26JnICgjj3dHTBAzqjsG,Corrido No Autorizado,Jorge Santacruz Y Su Grupo Quinto Elemento,El Consentido de la Palma,1,7,128533,spotify:user:elosegui-1,2015-12-27T21:54:53Z,undefined,undefined,undefined,Fri Sep 15 2017
spotify:track:4irAgmXthPwlzcWTwholai,Chavo y Asociado,Jorge Santacruz Y Su Grupo Quinto Elemento,La Supremacía,1,12,225160,spotify:user:elosegui-1,2016-01-02T06:43:14Z,undefined,undefined,undefined,Fri Sep 15 2017
spotify:track:2o0mFoCSKoJLekKxYAC2cU,Gerencia MZ (El Mayito Gordo),Jorge Santacruz Y Su Grupo Quinto Elemento,La Supremacía,1,17,229186,spotify:user:elosegui-1,2016-01-04T22:03:19Z,undefined,undefined,undefined,Fri Sep 15 2017
spotify:track:2jL2SLBvQWakFuQAMMbIQR,"Comando ""X""",Jorge Santacruz Y Su Grupo Quinto Elemento,La Supremacía,1,16,118133,spotify:user:elosegui-1,2016-01-04T22:05:38Z,undefined,undefined,undefined,Fri Sep 15 2017
spotify:track:1LiVWZM5VOMvkmgr3J9vYZ,Iban Por El Del Sombrero,Revolver Cannabis,"Balas, Rosas Y Plomo",1,2,178106,spotify:user:elosegui-1,2016-01-20T01:11:20Z,undefined,undefined,undefined,Fri Sep 15 2017
spotify:track:6GbcnlxsOs8vZh1iHhrgNH,Expediente Caro Quintero,Revolver Cannabis,"Balas, Rosas Y Plomo",1,5,172293,spotify:user:elosegui-1,2016-01-20T17:51:03Z,undefined,undefined,undefined,Fri Sep 15 2017
spotify:track:7kDBoiWN02IUeXqeXHfEKL,Del Negociante,Revolver Cannabis,Los Amos del Terror,1,2,187849,spotify:user:elosegui-1,2016-01-23T18:53:01Z,undefined,undefined,undefined,Fri Sep 15 2017
spotify:track:71s2cS6ryX7tvC7ChCz6sz,La Caída del Chikillo,Revolver Cannabis,Los Amos del Terror,1,3,249625,spotify:user:elosegui-1,2016-01-23T18:53:08Z,undefined,undefined,undefined,Fri Sep 15 2017
spotify:track:5ArP5RTxSIRxsy5EGPSYNn,El Menchito,Revolver Cannabis,Los Amos del Terror,1,4,180071,spotify:user:elosegui-1,2016-01-23T18:53:14Z,undefined,undefined,undefined,Fri Sep 15 2017
spotify:track:5pfC4zfLEeSAEz7YHhHY5p,EL Señor de las Tanquetas,Revolver Cannabis,Los Amos del Terror,1,5,157052,spotify:user:elosegui-1,2016-01-23T18:53:20Z,undefined,undefined,undefined,Fri Sep 15 2017
spotify:track:5fxEdd3sGoQm6i2ox0hWYK,Los Tres Mandos,Noel Torres,Al Frente y de Frente,1,11,151533,spotify:user:elosegui-1,2016-01-28T19:55:09Z,undefined,undefined,undefined,Fri Sep 15 2017
spotify:track:2llAgFuIcyxAacceqb1ZRo,El Comando del Diablo,"Noel Torres, Gerardo Ortiz",Al Frente y de Frente,1,16,150880,spotify:user:elosegui-1,2016-01-28T19:55:24Z,undefined,undefined,undefined,Fri Sep 15 2017
spotify:track:644pFO0xo2No76A5WSI6FM,Empresas MZ,Calibre 50,De Sinaloa Para El Mundo,1,1,125800,spotify:user:elosegui-1,2016-02-08T01:48:40Z,undefined,undefined,undefined,Fri Sep 15 2017
spotify:track:4Jj1msEChENhM8DeLTMbh6,Scarface Renacido,Jorge Santacruz Y Su Grupo Quinto Elemento,La Supremacía,1,18,234146,spotify:user:elosegui-1,2016-02-08T01:52:45Z,undefined,undefined,undefined,Fri Sep 15 2017
spotify:track:3iGnzwRTFi8wZEdev3HjtC,El Kokio Jr.,Jorge Santacruz Y Su Grupo Quinto Elemento,La Supremacía,1,14,209346,spotify:user:elosegui-1,2016-02-08T01:53:57Z,undefined,undefined,undefined,Fri Sep 15 2017
spotify:track:2s4ReDBHZgYPK1WJ2KsWgf,El Cartel de la Rana,"Jorge Santacruz Y Su Grupo Quinto Elemento, Gerardo Ortiz",La Supremacía,1,13,180173,spotify:user:elosegui-1,2016-02-08T01:54:15Z,undefined,undefined,undefined,Fri Sep 15 2017
spotify:track:37KjuSWbG60YbCQQiqZe5X,Ajustes Inzunza,Calibre 50,Grandes Éxitos,1,3,129973,spotify:user:elosegui-1,2016-02-08T01:59:32Z,undefined,undefined,undefined,Fri Sep 15 2017
spotify:track:6ha82GHuEc0jVvApoUs2Hg,Escuela Del Virus Antrax,Calibre 50,Grandes Éxitos,1,11,161626,spotify:user:elosegui-1,2016-02-08T02:05:55Z,undefined,undefined,undefined,Fri Sep 15 2017
spotify:track:0gMKH5FFbFVG7eTtrsaKYl,Gente Batallosa,"Calibre 50, Banda Carnaval",Grandes Éxitos,1,18,148200,spotify:user:elosegui-1,2016-02-08T02:09:33Z,undefined,undefined,undefined,Fri Sep 15 2017
spotify:track:4YCWsVdCoVQieev0hyeesj,Háblame de Ti,Banda Sinaloense MS de Sergio Lizárraga,No Me Pidas Perdón,1,2,190773,spotify:user:hugochaveze,2016-03-23T00:12:08Z,undefined,undefined,undefined,Fri Sep 15 2017
spotify:track:1gsnQp7YDID2sgAjheBT5e,Me Gusta Tu Vieja,Banda Sinaloense MS de Sergio Lizárraga,No Me Pidas Perdón,1,1,187880,spotify:user:hugochaveze,2016-03-23T00:12:51Z,undefined,undefined,undefined,Fri Sep 15 2017
spotify:track:2UR4GU1676M67Ckm4rMnzh,Aquiles Afirmo (Deluxe Version),Gerardo Ortiz,Entre Dios y El Diablo (Deluxe Version),2,1,179773,spotify:user:hugochaveze,2016-03-23T00:37:48Z,undefined,undefined,undefined,Fri Sep 15 2017
spotify:track:1UsEfr1niAbjwBxPsOyOUl,Armas Y Billetes,Buknas De Culiacan,Armas Y Billetes,1,2,141978,spotify:user:hugochaveze,2016-03-27T01:46:35Z,undefined,undefined,undefined,Fri Sep 15 2017
spotify:track:0SpZnBFzwllmXRd1tu7rRR,Soy Nacido en Mexicali,El Komander,"Pisteadera, Vol.1",1,14,136359,spotify:user:hugochaveze,2016-04-06T01:26:57Z,undefined,undefined,undefined,Fri Sep 15 2017
spotify:track:2fF5trvgri8GNHjmEIkBV9,El Señor Iván,Enigma Norteño,El Señor Iván,1,1,151146,spotify:user:hugochaveze,2016-04-10T07:03:42Z,undefined,undefined,undefined,Fri Sep 15 2017
spotify:track:14kMoWZq2e0eyKv7RzEziZ,Su Ultima Carabana,Traviezoz de la Zierra,A Ver Que Opinan,1,12,234840,spotify:user:hugochaveze,2016-05-03T00:17:09Z,undefined,undefined,undefined,Fri Sep 15 2017
spotify:track:6eWVgclvvpSRhr0RQmQdYE,"Entre Calaveras ""Chino Antrax""",Los Buchones de Culiacan,Signos De Batalla,1,3,177503,spotify:user:hugochaveze,2016-05-03T00:36:42Z,undefined,undefined,undefined,Fri Sep 15 2017
spotify:track:47ZfXEkUxFIh2WKVUlb9cR,La Vuelta Cargada,El Komander,El Movimiento Alterado Vol. 7,1,1,165386,spotify:user:hugochaveze,2016-05-03T00:38:07Z,undefined,undefined,undefined,Fri Sep 15 2017
spotify:track:1vHuypHI1UzrVdvZp9fbdf,El 24 - Corrido,Banda Sinaloense MS de Sergio Lizárraga,20 Corridos Bien Perrones,1,1,107372,spotify:user:hugochaveze,2016-07-23T19:39:11Z,undefined,undefined,undefined,Fri Sep 15 2017
spotify:track:0aNg375SvHpJAWSMZkIYtF,Hombre Libre,La Adictiva Banda San José de Mesillas,Disfruté Engañarte,1,3,199080,spotify:user:proyecto-x,2016-08-11T04:03:55Z,undefined,undefined,undefined,Fri Sep 15 2017
spotify:track:0LxZECRseD8oKX0P8qYlvY,Háblame de Ti,Banda Sinaloense MS de Sergio Lizárraga,Háblame de Ti - Single,1,1,188640,spotify:user:proyecto-x,2016-08-11T04:04:13Z,undefined,undefined,undefined,Fri Sep 15 2017
spotify:track:41wLvVjHPmk9kVNd8OasbW,Vaciando Botellas,Fidel Rueda,Sinaloense Hasta Las Cachas,1,1,236920,spotify:user:proyecto-x,2016-08-11T04:04:33Z,undefined,undefined,undefined,Fri Sep 15 2017
spotify:track:56jouFPGtdfVPWp8GlftIb,Te Dirán,La Adictiva Banda San José de Mesillas,Te Dirán,1,1,195131,spotify:user:proyecto-x,2016-08-11T04:04:58Z,undefined,undefined,undefined,Fri Sep 15 2017
spotify:track:25OzGW80CnAcWPL9tWUZ2D,Me Vas a Extrañar,Banda Sinaloense MS de Sergio Lizárraga,Que Bendición,1,3,176800,spotify:user:proyecto-x,2016-08-11T04:05:26Z,undefined,undefined,undefined,Fri Sep 15 2017
spotify:track:4cuti7K7IqIUm5f9pcCGjh,¿Por Qué Terminamos?,Gerardo Ortiz,Hoy Más Fuerte,1,2,180080,spotify:user:nejuveny-5739,2016-08-14T17:56:12Z,undefined,undefined,undefined,Fri Sep 15 2017
spotify:track:1y8vhYug05asslmpY8bFel,Cabecita Dura,La Arrolladora Banda El Limón De Rene Camacho,Irreversible... 2012,1,5,174640,spotify:user:nejuveny-5739,2016-08-14T18:00:15Z,undefined,undefined,undefined,Fri Sep 15 2017
spotify:track:0KHDthR0XvPoeJaqBc7Sg5,Ya Te Perdí La Fe,La Arrolladora Banda El Limón De Rene Camacho,Ojos En Blanco,1,9,147053,spotify:user:nejuveny-5739,2016-08-14T19:22:05Z,undefined,undefined,undefined,Fri Sep 15 2017
spotify:track:0oskRNVgaoWXC1zx3wTBgE,Excepto a Ti,Banda Sinaloense MS de Sergio Lizárraga,No Me Pidas Perdón,1,7,150240,spotify:user:nejuveny-5739,2016-08-15T23:36:01Z,undefined,undefined,undefined,Fri Sep 15 2017
spotify:track:189reEzgZBH9mNZLVhzxix,El Viejon,La Adictiva Banda San José de Mesillas,El Viejon,1,1,178198,spotify:user:nejuveny-5739,2016-08-15T23:39:03Z,undefined,undefined,undefined,Fri Sep 15 2017
spotify:track:3FhuPkzBM6VMLvc6rcer8v,Pongámonos De Acuerdo,Julión Álvarez y su Norteño Banda,El Aferrado,1,2,161906,spotify:user:nejuveny-5739,2016-08-15T23:45:07Z,undefined,undefined,undefined,Fri Sep 15 2017
spotify:track:24Yw6Hoi0sPaJKb16uQZGI,El Que Se Enamora Pierde,Banda Carnaval,La Historia De Mis Manos,1,5,140453,spotify:user:nejuveny-5739,2016-08-16T00:06:17Z,undefined,undefined,undefined,Fri Sep 15 2017
spotify:track:49ItgqFP5shdUdK9ggonW0,Aunque Ahora Estés Con Él,Calibre 50,Aunque Ahora Estés Con Él,1,1,214293,spotify:user:nejuveny-5739,2016-08-16T01:39:57Z,undefined,undefined,undefined,Fri Sep 15 2017
spotify:track:4zwQ07kD03LHSGzmXzfvhY,Pistearé,Banda Los Recoditos,Pistearé,1,1,142920,spotify:user:nejuveny-5739,2016-08-16T03:19:56Z,undefined,undefined,undefined,Fri Sep 15 2017
spotify:track:6HUMffUSppjuuO8v193wWM,En Qué Cabeza Cabe,Banda Carnaval,Hombre De Trabajo,1,7,173600,spotify:user:nejuveny-5739,2016-08-20T00:05:52Z,undefined,undefined,undefined,Fri Sep 15 2017
spotify:track:7Gz8o9q5num8eol7XAmdtg,Consulado M1 (feat. Gerardo Ortiz),"Grupo Escolta, Gerardo Ortiz",Revolucion Sinaloense,1,13,135493,spotify:user:hugochaveze,2016-10-07T20:35:51Z,undefined,undefined,undefined,Fri Sep 15 2017
spotify:track:70XsDQ9HSLAuG1xf2oaDct,El Americano,Jorge Santacruz Y Su Grupo Quinto Elemento,De Los Pinos A Los Pinos,1,5,189066,spotify:user:hugochaveze,2016-10-08T17:02:31Z,undefined,undefined,undefined,Fri Sep 15 2017
spotify:track:6OXKgW0WK30XIeW82zq3JD,Caricias Clandestinas,Remmy Valenzuela,Mi Princesa,1,2,240426,spotify:user:hugochaveze,2016-10-08T17:14:36Z,undefined,undefined,undefined,Fri Sep 15 2017
spotify:track:5JnrCMAVY9tIuglIZba758,Me Pegó la Gana,Traviezoz de la Zierra,Plan B,1,22,168533,spotify:user:hugochaveze,2016-10-08T17:29:49Z,undefined,undefined,undefined,Fri Sep 15 2017
spotify:track:0CcFhIRRW468bAlAwD9FFs,El Enamorado,Los Titanes De Durango,Los Locos Del Corrido,1,3,154586,spotify:user:hugochaveze,2016-10-08T17:57:16Z,undefined,undefined,undefined,Fri Sep 15 2017
spotify:track:4hHrTfh4yyDpfiz9ulEHZv,Me Va A Pesar,La Arrolladora Banda El Limón De Rene Camacho,Me Va A Pesar,1,1,178653,spotify:user:hugochaveze,2016-10-08T17:59:26Z,undefined,undefined,undefined,Fri Sep 15 2017
spotify:track:4Badz1aBILwhCQ2dF6YVEI,Libre Otra Vez,La Arrolladora Banda El Limón De Rene Camacho,Libre Otra Vez,1,3,190373,spotify:user:hugochaveze,2016-10-12T19:18:46Z,undefined,undefined,undefined,Fri Sep 15 2017
spotify:track:0WGISaQhurHfePH9mq8qIb,Lo Hiciste Otra Vez,La Arrolladora Banda El Limón De Rene Camacho,Las Bandas Románticas,1,11,217466,spotify:user:hugochaveze,2016-10-12T19:31:43Z,undefined,undefined,undefined,Fri Sep 15 2017
spotify:track:1YjjlSrystuJLYqLNMBIZm,El Cuestionario,Alfredo Olivas,Asi Es Esto,1,3,221000,spotify:user:hugochaveze,2016-10-18T20:21:31Z,undefined,undefined,undefined,Fri Sep 15 2017
spotify:track:4YQlSnl8nPkPLj2kQDIZ9f,Asi Es Esto,Alfredo Olivas,Asi Es Esto,1,1,221000,spotify:user:hugochaveze,2016-10-18T20:21:39Z,undefined,undefined,undefined,Fri Sep 15 2017
spotify:track:5pNRWjHiy0vOfupitU7pGU,Teresa la Mexicana,Jorge Santacruz Y Su Grupo Quinto Elemento,De Los Pinos a Los Pinos,1,1,249373,spotify:user:hugochaveze,2017-01-07T03:57:30Z,undefined,undefined,undefined,Fri Sep 15 2017
spotify:track:0bms7euCGHl4vk5K3vcITb,Operativo Pariente,Jorge Santacruz Y Su Grupo Quinto Elemento,De Los Pinos a Los Pinos,1,2,184786,spotify:user:hugochaveze,2017-01-07T03:57:30Z,undefined,undefined,undefined,Fri Sep 15 2017
spotify:track:7qchMbSlinneo3PPqpXIZw,Y Si Pones Atención,Jorge Santacruz Y Su Grupo Quinto Elemento,De Los Pinos a Los Pinos,1,3,236746,spotify:user:hugochaveze,2017-01-07T03:57:30Z,undefined,undefined,undefined,Fri Sep 15 2017
spotify:track:5obhl7qcOJc1sb7V1Djnpw,De los Pinos a los Pinos,"Jorge Santacruz Y Su Grupo Quinto Elemento Feat. Los Nuevos Rebeldes, Los Nuevos Rebeldes",De Los Pinos a Los Pinos,1,4,234120,spotify:user:hugochaveze,2017-01-07T03:57:30Z,undefined,undefined,undefined,Fri Sep 15 2017
spotify:track:6N9pIth1pLkWnJVMp3brFb,El Americano,Jorge Santacruz Y Su Grupo Quinto Elemento,De Los Pinos a Los Pinos,1,5,189066,spotify:user:hugochaveze,2017-01-07T03:57:30Z,undefined,undefined,undefined,Fri Sep 15 2017
spotify:track:4hfrcBTCwYkOYkdkWsDfND,El Tosco,Jorge Santacruz Y Su Grupo Quinto Elemento,De Los Pinos a Los Pinos,1,6,229120,spotify:user:hugochaveze,2017-01-07T03:57:30Z,undefined,undefined,undefined,Fri Sep 15 2017
spotify:track:3h7O1SVT4DFURoi3FPlxK9,El Desempate,"Jorge Santacruz Y Su Grupo Quinto Elemento Feat. Régulo Caro Y Escolta De Guerra, Escolta De Guerra, Regulo Caro",De Los Pinos a Los Pinos,1,7,198293,spotify:user:hugochaveze,2017-01-07T03:57:30Z,undefined,undefined,undefined,Fri Sep 15 2017
spotify:track:1i5W73a8hmx4l1U03Gu9X7,Diablo Moderno,Jorge Santacruz Y Su Grupo Quinto Elemento,De Los Pinos a Los Pinos,1,8,214893,spotify:user:hugochaveze,2017-01-07T03:57:30Z,undefined,undefined,undefined,Fri Sep 15 2017
spotify:track:2YpGexnpxKhfjD4GGols75,La Saga Guzmán,Jorge Santacruz Y Su Grupo Quinto Elemento,De Los Pinos a Los Pinos,1,9,184720,spotify:user:hugochaveze,2017-01-07T03:57:30Z,undefined,undefined,undefined,Fri Sep 15 2017
spotify:track:7eFGj7ItzP2dPH7PwV8lGh,Hombres Expertos,Jorge Santacruz Y Su Grupo Quinto Elemento,De Los Pinos a Los Pinos,1,10,194240,spotify:user:hugochaveze,2017-01-07T03:57:30Z,undefined,undefined,undefined,Fri Sep 15 2017
spotify:track:0uEDODWmJzMpyARYBpBPpa,El Jr Del Señor,La Edición de Culiacán,Levanto El Vuelo,1,8,199331,spotify:user:hugochaveze,2017-03-10T01:58:29Z,undefined,undefined,undefined,Fri Sep 15 2017
spotify:track:5jEk9xozawNIRrChjPUvrC,Se Va Muriendo Mi Alma,Remmy Valenzuela,Mi Vida En Vida,1,20,317373,spotify:user:ares_one,2017-07-10T05:13:08Z,undefined,undefined,undefined,Fri Sep 15 2017
spotify:track:5nmGF8XfCRXzAep5KVfik9,De Parranda,Gerardo Ortiz,El Primer Ministro (Deluxe Edition),1,4,165946,spotify:user:ares_one,2017-07-10T05:26:09Z,undefined,undefined,undefined,Fri Sep 15 2017
spotify:track:6mdO5yKXfg93yFtbzrvDSw,Corona de Rosas,"Kevin Ortiz, Ulices Chaidez",Corona de Rosas,1,1,159232,spotify:user:ares_one,2017-07-21T18:45:48Z,undefined,undefined,undefined,Fri Sep 15 2017
spotify:track:3ivuOTvdtlX6mphObxQ28p,Loco y Cursi,"Los Valedores de la Sierra, Pura Potencia",Borrarte de un Jalón,1,9,172165,spotify:user:ares_one,2017-07-26T04:21:27Z,undefined,undefined,undefined,Fri Sep 15 2017
spotify:track:0HhtLyMxtbpaZon5A8OQU6,Adiós Amor,Christian Nodal,Me Dejé Llevar,1,1,199320,spotify:user:ares_one,2017-08-31T18:53:32Z,undefined,undefined,undefined,Fri Sep 15 2017
spotify:track:3w2G5Gw8OrgIS3GVC84JqF,El Paciente,Alfredo Olivas,La Rueda de la Fortuna,1,10,211320,spotify:user:ares_one,2017-08-31T18:53:33Z,undefined,undefined,undefined,Fri Sep 15 2017
spotify:track:78Lv54mlazogTRDzzFXk03,Nadie,Remmy Valenzuela,Mi Vida En Vida,1,9,221933,spotify:user:ares_one,2017-08-31T18:53:42Z,undefined,undefined,undefined,Fri Sep 15 2017
spotify:track:3m0jPrfDlp38tu7JYdWLch,Gente VIP,Larry Hernández,Larryvolución,1,7,174573,spotify:user:ares_one,2017-08-31T18:53:51Z,undefined,undefined,undefined,Fri Sep 15 2017
spotify:track:5jezNmDvHt6ecvWeMfwW0v,Hasta Que Salga El Sol,Banda Los Recoditos,Sueño XXX,1,1,143400,spotify:user:ares_one,2017-08-31T18:59:25Z,undefined,undefined,undefined,Fri Sep 15 2017
spotify:track:4uOnOptGFNZJ23LspY6zDb,El Katch,El Komander,El Katch,1,1,133512,spotify:user:ares_one,2017-08-31T19:04:40Z,undefined,undefined,undefined,Fri Sep 15 2017
spotify:track:3bvLXBbBO5UN3mLh3t0zVB,Mientras Tú Jugabas,Banda Los Recoditos,El Free,1,3,130906,spotify:user:ares_one,2017-08-31T19:07:17Z,undefined,undefined,undefined,Fri Sep 15 2017
spotify:track:2RCPNHvIeaCU6pTjsEqrZ1,Calla Y Me Besas,Enigma Norteño,Enemigo En Casa,1,1,160626,spotify:user:ares_one,2017-08-31T19:10:43Z,undefined,undefined,undefined,Fri Sep 15 2017
spotify:track:69seZxR4d4nr6EttlJnssw,Te Olvidaré,Remmy Valenzuela,Mi Vida En Vida,1,1,202293,spotify:user:ares_one,2017-08-31T19:14:23Z,undefined,undefined,undefined,Fri Sep 15 2017
spotify:track:0yx1gw1HAcxow3rHWYaI7V,En la Sierra y la Ciudad (La China),La Adictiva Banda San José de Mesillas,Disfruté Engañarte,1,5,204817,spotify:user:ares_one,2017-08-31T19:16:41Z,undefined,undefined,undefined,Fri Sep 15 2017
spotify:track:21c67BO4SUtoWjjHeFKMRS,Seguramente,Alfredo Olivas,La Rueda de la Fortuna,1,4,196650,spotify:user:ares_one,2017-08-31T19:20:12Z,undefined,undefined,undefined,Fri Sep 15 2017
spotify:track:0nltDob2fI2d8KgDSBrvq5,El Corrido De Heberardo,El Komander,El Katch,1,6,162325,spotify:user:ares_one,2017-08-31T19:22:26Z,undefined,undefined,undefined,Fri Sep 15 2017
spotify:track:1POCbsBAmILmc6wdWFuWvM,Disfruté Engañarte,La Adictiva Banda San José de Mesillas,Disfruté Engañarte,1,2,141426,spotify:user:ares_one,2017-08-31T19:32:06Z,undefined,undefined,undefined,Fri Sep 15 2017
